1. U.S. Energy Markets Summary,,,,,,,,,,,,,,,,,,,,,,,,,,,,,,,,,,,,,,,,,,,,,,,,,,,,,,,,,,,,,,,,,,,,,,,,,,,,,,,,,,,,,,,,,,,,,,,,,,,,,,,,,,,,,,,,,,,,,,,,,,,,,,,,,,,,,,,,,,,,,,,,,,,,,,,,,,,,,,,,,,,,,,,,,,,,,,,,,,,,,,,,,,,,,,,,,,,,,,,,,,,,,,,,,,,,,,,,,,,,,,,,,,,,,,,,,,,,,,,,,,,,,,,,,,,,,,,,,,,,,,,,,,,,,,,,,,,,,,,,,,,,,,,,,,,,,,,,,,,,,,,,,,,,,,,,,,,,,,,,,,,,,,,,,,,,,,,,,,,,,,,,,,,,,,,,,,,,,,,,,,,,,
https://www.eia.gov/outlooks/steo/data/browser/#/?v=3&f=M&s=0&start=199701&end=202612&linechart=COPRPUS&ctype=linechart&maptype=0,,,,,,,,,,,,,,,,,,,,,,,,,,,,,,,,,,,,,,,,,,,,,,,,,,,,,,,,,,,,,,,,,,,,,,,,,,,,,,,,,,,,,,,,,,,,,,,,,,,,,,,,,,,,,,,,,,,,,,,,,,,,,,,,,,,,,,,,,,,,,,,,,,,,,,,,,,,,,,,,,,,,,,,,,,,,,,,,,,,,,,,,,,,,,,,,,,,,,,,,,,,,,,,,,,,,,,,,,,,,,,,,,,,,,,,,,,,,,,,,,,,,,,,,,,,,,,,,,,,,,,,,,,,,,,,,,,,,,,,,,,,,,,,,,,,,,,,,,,,,,,,,,,,,,,,,,,,,,,,,,,,,,,,,,,,,,,,,,,,,,,,,,,,,,,,,,,,,,,,,,,,,,
Thu Oct 16 2025 02:30:57 GMT-0400 (Eastern Daylight Time),,,,,,,,,,,,,,,,,,,,,,,,,,,,,,,,,,,,,,,,,,,,,,,,,,,,,,,,,,,,,,,,,,,,,,,,,,,,,,,,,,,,,,,,,,,,,,,,,,,,,,,,,,,,,,,,,,,,,,,,,,,,,,,,,,,,,,,,,,,,,,,,,,,,,,,,,,,,,,,,,,,,,,,,,,,,,,,,,,,,,,,,,,,,,,,,,,,,,,,,,,,,,,,,,,,,,,,,,,,,,,,,,,,,,,,,,,,,,,,,,,,,,,,,,,,,,,,,,,,,,,,,,,,,,,,,,,,,,,,,,,,,,,,,,,,,,,,,,,,,,,,,,,,,,,,,,,,,,,,,,,,,,,,,,,,,,,,,,,,,,,,,,,,,,,,,,,,,,,,,,,,,,
Source: U.S. Energy Information Administration,,,,,,,,,,,,,,,,,,,,,,,,,,,,,,,,,,,,,,,,,,,,,,,,,,,,,,,,,,,,,,,,,,,,,,,,,,,,,,,,,,,,,,,,,,,,,,,,,,,,,,,,,,,,,,,,,,,,,,,,,,,,,,,,,,,,,,,,,,,,,,,,,,,,,,,,,,,,,,,,,,,,,,,,,,,,,,,,,,,,,,,,,,,,,,,,,,,,,,,,,,,,,,,,,,,,,,,,,,,,,,,,,,,,,,,,,,,,,,,,,,,,,,,,,,,,,,,,,,,,,,,,,,,,,,,,,,,,,,,,,,,,,,,,,,,,,,,,,,,,,,,,,,,,,,,,,,,,,,,,,,,,,,,,,,,,,,,,,,,,,,,,,,,,,,,,,,,,,,,,,,,,,
remove,,map,linechart,units,source key,Jan-97,Feb-97,Mar-97,Apr-97,May-97,Jun-97,Jul-97,Aug-97,Sep-97,Oct-97,Nov-97,Dec-97,Jan-98,Feb-98,Mar-98,Apr-98,May-98,Jun-98,Jul-98,Aug-98,Sep-98,Oct-98,Nov-98,Dec-98,Jan-99,Feb-99,Mar-99,Apr-99,May-99,Jun-99,Jul-99,Aug-99,Sep-99,Oct-99,Nov-99,Dec-99,Jan-00,Feb-00,Mar-00,Apr-00,May-00,Jun-00,Jul-00,Aug-00,Sep-00,Oct-00,Nov-00,Dec-00,1-Jan,1-Feb,1-Mar,1-Apr,1-May,1-Jun,1-Jul,1-Aug,1-Sep,1-Oct,1-Nov,1-Dec,2-Jan,2-Feb,2-Mar,2-Apr,2-May,2-Jun,2-Jul,2-Aug,2-Sep,2-Oct,2-Nov,2-Dec,3-Jan,3-Feb,3-Mar,3-Apr,3-May,3-Jun,3-Jul,3-Aug,3-Sep,3-Oct,3-Nov,3-Dec,4-Jan,4-Feb,4-Mar,4-Apr,4-May,4-Jun,4-Jul,4-Aug,4-Sep,4-Oct,4-Nov,4-Dec,5-Jan,5-Feb,5-Mar,5-Apr,5-May,5-Jun,5-Jul,5-Aug,5-Sep,5-Oct,5-Nov,5-Dec,6-Jan,6-Feb,6-Mar,6-Apr,6-May,6-Jun,6-Jul,6-Aug,6-Sep,6-Oct,6-Nov,6-Dec,7-Jan,7-Feb,7-Mar,7-Apr,7-May,7-Jun,7-Jul,7-Aug,7-Sep,7-Oct,7-Nov,7-Dec,8-Jan,8-Feb,8-Mar,8-Apr,8-May,8-Jun,8-Jul,8-Aug,8-Sep,8-Oct,8-Nov,8-Dec,9-Jan,9-Feb,9-Mar,9-Apr,9-May,9-Jun,9-Jul,9-Aug,9-Sep,9-Oct,9-Nov,9-Dec,10-Jan,10-Feb,10-Mar,10-Apr,10-May,10-Jun,10-Jul,10-Aug,10-Sep,10-Oct,10-Nov,10-Dec,11-Jan,11-Feb,11-Mar,11-Apr,11-May,11-Jun,11-Jul,11-Aug,11-Sep,11-Oct,11-Nov,11-Dec,12-Jan,12-Feb,12-Mar,12-Apr,12-May,12-Jun,12-Jul,12-Aug,12-Sep,12-Oct,12-Nov,12-Dec,13-Jan,13-Feb,13-Mar,13-Apr,13-May,13-Jun,13-Jul,13-Aug,13-Sep,13-Oct,13-Nov,13-Dec,14-Jan,14-Feb,14-Mar,14-Apr,14-May,14-Jun,14-Jul,14-Aug,14-Sep,14-Oct,14-Nov,14-Dec,15-Jan,15-Feb,15-Mar,15-Apr,15-May,15-Jun,15-Jul,15-Aug,15-Sep,15-Oct,15-Nov,15-Dec,16-Jan,16-Feb,16-Mar,16-Apr,16-May,16-Jun,16-Jul,16-Aug,16-Sep,16-Oct,16-Nov,16-Dec,17-Jan,17-Feb,17-Mar,17-Apr,17-May,17-Jun,17-Jul,17-Aug,17-Sep,17-Oct,17-Nov,17-Dec,18-Jan,18-Feb,18-Mar,18-Apr,18-May,18-Jun,18-Jul,18-Aug,18-Sep,18-Oct,18-Nov,18-Dec,19-Jan,19-Feb,19-Mar,19-Apr,19-May,19-Jun,19-Jul,19-Aug,19-Sep,19-Oct,19-Nov,19-Dec,20-Jan,20-Feb,20-Mar,20-Apr,20-May,20-Jun,20-Jul,20-Aug,20-Sep,20-Oct,20-Nov,20-Dec,21-Jan,21-Feb,21-Mar,21-Apr,21-May,21-Jun,21-Jul,21-Aug,21-Sep,21-Oct,21-Nov,21-Dec,22-Jan,22-Feb,22-Mar,22-Apr,22-May,22-Jun,22-Jul,22-Aug,22-Sep,22-Oct,22-Nov,22-Dec,23-Jan,23-Feb,23-Mar,23-Apr,23-May,23-Jun,23-Jul,23-Aug,23-Sep,23-Oct,23-Nov,23-Dec,24-Jan,24-Feb,24-Mar,24-Apr,24-May,24-Jun,24-Jul,24-Aug,24-Sep,24-Oct,24-Nov,24-Dec,25-Jan,25-Feb,25-Mar,25-Apr,25-May,25-Jun,25-Jul,25-Aug,25-Sep,25-Oct,25-Nov,25-Dec,26-Jan,26-Feb,26-Mar,26-Apr,26-May,26-Jun,26-Jul,26-Aug,26-Sep,26-Oct,26-Nov,26-Dec
1. U.S. Energy Markets Summary,1. U.S. Energy Markets Summary,0,0,,,,,,,,,,,,,,,,,,,,,,,,,,,,,,,,,,,,,,,,,,,,,,,,,,,,,,,,,,,,,,,,,,,,,,,,,,,,,,,,,,,,,,,,,,,,,,,,,,,,,,,,,,,,,,,,,,,,,,,,,,,,,,,,,,,,,,,,,,,,,,,,,,,,,,,,,,,,,,,,,,,,,,,,,,,,,,,,,,,,,,,,,,,,,,,,,,,,,,,,,,,,,,,,,,,,,,,,,,,,,,,,,,,,,,,,,,,,,,,,,,,,,,,,,,,,,,,,,,,,,,,,,,,,,,,,,,,,,,,,,,,,,,,,,,,,,,,,,,,,,,,,,,,,,,,,,,,,,,,,,,,,,,,,,,,,,,,,,,,,,,,,,,,,,,,,,,,,,,,,,,
Energy Production,Energy Production,0,0,,,,,,,,,,,,,,,,,,,,,,,,,,,,,,,,,,,,,,,,,,,,,,,,,,,,,,,,,,,,,,,,,,,,,,,,,,,,,,,,,,,,,,,,,,,,,,,,,,,,,,,,,,,,,,,,,,,,,,,,,,,,,,,,,,,,,,,,,,,,,,,,,,,,,,,,,,,,,,,,,,,,,,,,,,,,,,,,,,,,,,,,,,,,,,,,,,,,,,,,,,,,,,,,,,,,,,,,,,,,,,,,,,,,,,,,,,,,,,,,,,,,,,,,,,,,,,,,,,,,,,,,,,,,,,,,,,,,,,,,,,,,,,,,,,,,,,,,,,,,,,,,,,,,,,,,,,,,,,,,,,,,,,,,,,,,,,,,,,,,,,,,,,,,,,,,,,,,,,,,,,
Crude Oil Production,U.S. Crude Oil Production,1,1,million barrels per day,COPRPUS,6.4,6.51,6.45,6.44,6.47,6.44,6.41,6.35,6.49,6.47,6.46,6.53,6.54,6.48,6.41,6.48,6.35,6.27,6.19,6.2,5.79,6.14,6.14,6.04,5.96,5.97,5.88,5.89,5.87,5.76,5.8,5.78,5.8,5.95,5.96,5.96,5.78,5.85,5.92,5.85,5.85,5.82,5.74,5.79,5.76,5.81,5.83,5.86,5.8,5.78,5.88,5.86,5.83,5.77,5.75,5.73,5.71,5.75,5.88,5.89,5.87,5.88,5.89,5.84,5.91,5.88,5.75,5.8,5.41,5.36,5.62,5.72,5.76,5.78,5.8,5.73,5.66,5.66,5.5,5.57,5.61,5.61,5.55,5.57,5.58,5.57,5.62,5.56,5.56,5.41,5.48,5.32,5.08,5.17,5.42,5.51,5.45,5.5,5.6,5.56,5.6,5.44,5.25,5.2,4.21,4.55,4.86,4.99,5.05,5.03,5.03,5.08,5.15,5.16,5.09,5.04,5.03,5.11,5.06,5.19,5.11,5.12,5.12,5.18,5.21,5.08,5.04,4.97,4.9,5.02,5.03,5.11,5.12,5.15,5.19,5.18,5.14,5.14,5.18,5,3.97,4.74,5.08,5.1,5.14,5.24,5.22,5.28,5.38,5.27,5.4,5.42,5.56,5.52,5.39,5.45,5.4,5.55,5.52,5.39,5.4,5.38,5.3,5.45,5.62,5.63,5.58,5.61,5.5,5.41,5.62,5.56,5.62,5.59,5.44,5.67,5.61,5.9,6.04,6.11,6.18,6.27,6.33,6.32,6.37,6.28,6.43,6.35,6.6,6.97,7.08,7.11,7.08,7.15,7.21,7.37,7.33,7.28,7.52,7.53,7.84,7.76,7.92,7.93,8.07,8.15,8.29,8.52,8.64,8.73,8.84,8.92,9.07,9.25,9.31,9.55,9.38,9.48,9.58,9.65,9.47,9.35,9.44,9.4,9.47,9.39,9.33,9.27,9.21,9.07,9.11,8.88,8.84,8.68,8.67,8.69,8.55,8.81,8.91,8.82,8.87,9.1,9.17,9.11,9.19,9.11,9.26,9.26,9.51,9.67,10.09,9.99,10,10.26,10.47,10.49,10.43,10.64,10.9,11.4,11.44,11.51,11.89,11.95,11.87,11.65,11.91,12.14,12.15,12.22,11.91,12.49,12.6,12.81,13,12.98,12.87,12.86,12.8,11.92,9.72,10.45,11.01,10.6,10.96,10.49,11.22,11.19,11.16,9.93,11.38,11.36,11.43,11.4,11.42,11.32,10.96,11.64,11.87,11.76,11.45,11.47,11.89,11.83,11.76,11.92,12.01,12.13,12.43,12.44,12.49,12.2,12.64,12.62,12.87,12.73,12.73,12.79,12.91,13,13.18,13.21,13.32,13.3,12.52,13.13,13.19,13.31,13.26,13.25,13.21,13.41,13.17,13.53,13.4,13.44,13.14,13.24,13.45,13.47,13.45,13.53,13.64,13.68,13.71,13.63,13.66,13.69,13.68,13.57,13.61,13.57,13.54,13.5,13.47,13.42,13.31,13.4,13.52,13.51
Dry Natural Gas Production,U.S. Dry Natural Gas Production,1,1,billion cubic feet per day,NGPRPUS,52.39,52.56,52.71,51.91,52.15,51.04,51.31,51.21,51.71,51.72,51.77,51.02,53.51,52.74,53.17,53.06,53.24,52.74,51.98,52.34,49.1,51.27,51.33,50.93,52.43,52.33,52.32,51.65,50.92,51.37,51.15,51.04,51.05,51.2,52.01,51.73,52.35,51.54,52.76,51.55,51.83,52.28,52.26,52.66,52.65,53.61,52.7,52.65,53.93,53.9,54.35,54.14,54.24,53.58,53.44,53.44,53.68,54.06,53.13,53.03,52.22,51.77,52.24,52.17,52.54,52.31,52.79,51.72,50.54,50.06,51.85,52.04,52.15,52.49,53.64,53.08,52.45,52.48,51.42,52.47,52.23,52.27,51.63,51.6,51.45,50.96,51.78,51.73,50.83,51.41,51.27,50.82,49.23,49.79,50.28,49.99,50.23,51.03,51.91,51.33,50.82,51.24,50.07,49.82,44.54,45.4,48.14,48.99,49.54,49.4,50.17,49.91,50.19,51.29,50.75,50.93,51.4,51.52,51.33,51.82,50.85,51.56,52.41,51.72,53.01,52.99,52.41,52.71,53.25,53.34,54.45,54.63,54.38,54.86,55.57,55.39,55.38,56.05,57.07,56.26,49.62,54.03,55.95,56.27,57.48,58.01,57.62,56.63,56.65,56.91,56.17,56.62,55.07,55.78,55.81,55.39,56.04,57.24,57.28,57.56,57.95,57.22,58.25,58.92,59.08,60.09,60.08,60.96,60.02,58.83,61.54,62.28,62.41,62.07,62.48,63.21,63.11,65.12,65.94,65.62,66.01,64.72,64.97,64.78,65.05,64.64,66.31,65.98,66.36,66.5,66.6,66.01,65.26,65.45,65.27,66.12,65.89,65.79,67.09,66.95,66.77,66.98,67.66,66.53,66.78,68.36,68.86,70.54,70.16,70.52,72.02,72.41,72.39,73.11,72.64,73.2,73.44,73.81,74.14,75.21,74.12,73.95,74.19,74.27,74.74,74.19,73.88,73.89,73.56,74.6,73.76,73.71,72.87,72.17,72.76,72.18,71.7,71.42,72.02,71.21,70.56,71.55,73.17,73.26,73.26,73.97,74.73,74.69,75.99,77.34,79.75,80.38,78.74,80.39,81.33,81.19,82.12,82.54,84.18,85.88,87.29,88.4,89.94,89.5,89.25,89.86,90.27,90.71,91.4,91.65,92.16,94.4,94.76,95.59,97.16,97.05,97.37,95.5,95.25,95.02,87.87,90.4,90.34,90.39,91.29,89.71,92.5,93.11,92.64,85.78,93.55,94.29,94.21,93.87,94.76,95.04,95.69,97.21,98.3,99.13,95.19,96.1,97.68,98.64,98.71,99,99.79,100.44,102,101.81,101.94,100.48,102.05,101.78,103.21,102.3,103.5,103.12,103.34,104.06,104.18,104.06,105.55,105.55,103.43,105.9,102.6,101.68,101.5,102.77,104.12,103.05,101.8,102.89,102.99,105.58,104.37,104.96,107.45,107.03,106.64,107.25,107.99,107.49,107.59,107.72,108.17,108.8,108.71,106.85,107.68,107.81,107.38,107.24,106.91,106.71,106.7,106.95,107.62,107.96
Coal Production,U.S. Coal Production,1,1,million short tons,CLPRPUS_TON,93,88,93,88,95,87,89,90,93,95,84,95,98,87,96,92,91,92,91,92,96,97,90,95,92,93,99,90,86,91,89,93,93,91,92,93,88,87,100,82,89,91,85,97,89,93,91,84,97,87,100,91,96,93,90,100,90,101,95,88,102,90,90,90,91,85,86,92,92,95,88,91,93,82,89,89,91,89,89,90,90,94,84,92,94,87,95,92,87,95,92,95,94,93,92,96,94,90,102,93,90,95,92,98,96,94,95,93,99,89,101,95,100,97,95,101,94,99,97,96,100,89,98,93,97,96,93,101,92,99,97,93,99,94,97,97,97,90,99,100,99,104,95,100,97,90,96,89,85,89,91,90,88,88,86,86,86,83,97,91,85,89,91,93,93,92,92,93,91,86,97,89,87,89,85,95,94,95,94,94,95,86,86,78,82,82,86,91,82,85,84,80,83,78,85,79,83,81,85,90,83,81,81,78,83,75,87,83,84,79,84,87,84,85,82,86,87,72,81,75,70,67,76,83,78,76,69,63,61,57,55,48,53,60,62,68,65,69,67,63,68,64,64,59,62,66,63,71,63,66,64,63,62,60,66,58,61,62,63,69,62,67,63,63,66,58,56,61,62,57,59,64,59,58,54,53,56,47,46,39,37,40,43,48,45,45,44,45,48,41,51,45,49,49,48,50,50,49,49,49,50,48,52,46,50,49,49,54,52,51,49,46,51,46,52,47,48,47,47,51,49,48,48,46,44,44,42,36,39,43,43,47,46,44,41,43,45,40,48,44,46,44,47,49,46,44,40,39,43,38,42,37,39,39,40,46,42,43,42,41
Energy Consumption,Energy Consumption,0,0,,,,,,,,,,,,,,,,,,,,,,,,,,,,,,,,,,,,,,,,,,,,,,,,,,,,,,,,,,,,,,,,,,,,,,,,,,,,,,,,,,,,,,,,,,,,,,,,,,,,,,,,,,,,,,,,,,,,,,,,,,,,,,,,,,,,,,,,,,,,,,,,,,,,,,,,,,,,,,,,,,,,,,,,,,,,,,,,,,,,,,,,,,,,,,,,,,,,,,,,,,,,,,,,,,,,,,,,,,,,,,,,,,,,,,,,,,,,,,,,,,,,,,,,,,,,,,,,,,,,,,,,,,,,,,,,,,,,,,,,,,,,,,,,,,,,,,,,,,,,,,,,,,,,,,,,,,,,,,,,,,,,,,,,,,,,,,,,,,,,,,,,,,,,,,,,,,,,,,,,,,
Liquid Fuels,U.S. Liquid Fuels Consumption,1,1,million barrels per day,PATCPUSX,18.56,18.4,17.86,18.56,18.29,18.62,19.11,18.57,18.56,19.07,18.58,19.25,18.36,18.32,18.68,19.05,18.37,19.18,19.47,19.34,18.9,19.19,18.67,19.42,19.03,19.11,19.5,19.15,18.71,19.83,19.82,20.09,19.49,19.87,19.09,20.5,19.03,19.63,19.22,18.82,19.61,20.05,19.7,20.49,19.9,19.8,19.33,20.82,20.09,19.69,19.87,19.73,19.5,19.56,19.92,20.15,19.02,19.82,19.4,19,19.45,19.44,19.67,19.55,19.73,19.88,20.08,20.22,19.46,19.68,20,19.94,20.02,20.37,19.71,19.83,19.35,19.79,20.1,20.59,19.93,20.18,19.87,20.68,20.48,20.87,20.45,20.55,20.31,20.78,20.88,21.03,20.53,20.86,20.81,21.23,20.69,20.83,21.01,20.14,20.61,21.2,20.94,21.67,20.14,20.25,20.62,21.5,20.44,20.58,20.61,20.2,20.46,20.98,20.74,21.43,20.56,20.77,20.67,20.8,20.57,21.31,20.54,20.54,20.62,20.72,20.75,21.03,20.41,20.48,20.53,20.72,20.25,20.03,19.83,19.81,19.8,19.68,19.56,19.27,17.84,19.7,19.05,19.14,19.04,18.82,18.72,18.67,18.21,18.83,18.63,18.95,18.59,18.8,18.75,19.24,18.65,18.83,19.08,19.07,18.87,19.56,19.29,19.66,19.46,18.93,18.97,19.73,18.93,18.82,19.19,18.58,18.43,19.19,18.71,19.36,18.89,18.82,19.06,18.77,18.3,18.62,18.13,18.16,18.57,18.87,18.54,19.14,18.08,18.71,18.53,18.13,18.74,18.65,18.55,18.59,18.73,18.82,19.26,19.14,19.28,19.32,19.49,19.01,19.1,18.9,18.45,18.83,18.6,18.88,19.25,19.37,19.2,19.7,19.39,19.49,19.27,19.67,19.35,19.26,19.32,19.85,20.12,19.93,19.44,19.47,19.11,19.6,19.06,19.84,19.75,19.35,19.33,19.83,19.75,20.26,19.77,19.68,19.69,19.99,19.29,19.15,20.06,19.62,20.05,20.57,20.13,20.27,19.63,19.97,20.31,20.32,20.56,19.69,20.73,20.04,20.25,20.77,20.67,21.36,20.08,20.79,20.77,20.33,20.61,20.28,20.18,20.33,20.39,20.65,20.73,21.16,20.25,20.71,20.74,20.44,19.93,20.13,18.46,14.55,16.08,17.58,18.38,18.56,18.41,18.61,18.74,18.8,18.81,17.7,19.13,19.74,20.05,20.59,20.17,20.57,20.14,20.38,20.57,20.66,19.61,20.19,20.48,19.73,19.84,20.43,19.93,20.27,20.13,20.01,20.21,19.33,19.35,19.94,20.21,19.97,20.32,20.76,20.04,20.77,20.15,20.63,20.74,20.4,19.79,19.97,20.01,20.16,20.89,20.54,20.59,20.98,20.36,21.25,20.37,20.62,20.74,20.23,19.95,20.21,20.32,21.01,20.98,20.74,20.15,20.64,20.36,20.31,20.04,20.17,20.16,20.37,20.47,20.81,20.71,20.89,20.42,20.78,20.5,20.45
Natural Gas,U.S. Natural Gas Consumption,1,1,billion cubic feet per day,NGTCPUS,--,--,--,--,--,--,--,--,--,--,--,--,--,--,--,--,--,--,--,--,--,--,--,--,83.02,77.28,71.88,62.05,51.64,50.97,53.51,55.1,50.58,51.85,57.79,71.69,82.71,82.24,68.55,62.03,55.89,53.22,53.83,57.41,52.28,51.77,64.64,84.58,86.35,82.48,72.47,60.24,49.11,48.15,51.55,53.84,49.8,53.2,56.7,68.39,80.25,80.09,72.85,62.7,51.98,53.05,56.4,55.67,51.41,53.09,63.79,76.74,87.11,89.3,70.9,58.12,48.86,45.61,51.63,53.28,47.62,50.1,58.45,73.02,86.32,86.59,67.77,58.17,50.74,49.46,51.13,50.9,49.41,50.23,59.43,75.09,82.64,80.11,71.15,57.5,49.12,51.14,54.41,54.68,47.42,46.07,55.45,75.04,69.85,76.58,68.59,56.03,49.24,51.7,56.73,56.51,48.74,53.04,58.85,68.48,79.86,91.68,68.67,60.34,50.29,51.84,53.54,61.17,53.02,52.51,61.15,77.39,88.19,86.32,73.49,60.8,50.85,53.47,55.12,54.29,48.7,52.77,62.3,77.41,88.06,83.3,70.02,58.04,48.52,50.93,53.48,56.01,52.5,53.76,59.21,80.38,90.64,88.61,69.13,56.39,52.17,54.98,58.9,60.61,54.58,53.71,65.78,87.55,93.18,87.59,71.95,60.83,53.79,55.24,60.98,61.03,55.19,56.27,67.73,82,88.91,86.23,68.64,65.1,60.45,62.28,66.77,64.8,60.24,61.33,72.26,80.77,92.86,91.68,81.33,65.58,56.53,58.1,62.14,62.17,58.9,60.22,77.23,94.22,103.36,97.9,82.51,65.39,58.39,58.18,60.68,62.36,60.31,61.7,78.58,86.42,100.48,104.47,83.59,66.93,59.94,63.33,66.7,66.22,63.38,64.11,74.97,83.49,99.73,91.46,76.01,69.46,63.41,66.69,70.54,71.24,64.93,62.1,71.98,92.46,93.99,83.58,81.4,64.4,61.03,63.68,69.08,67.54,64.02,65.53,78.58,99.55,107.77,96.81,90.22,78.35,66.29,68.77,75.83,74.64,71.87,73.74,90.53,96.76,110.46,107.83,94.45,73.75,68.84,70.64,77.22,78.51,73.54,74.4,92.79,102.28,107.33,105.6,87.92,75.45,66.99,71.14,79.62,77.56,71.9,74.86,81.55,102.84,107.59,110.56,85.16,75.72,68.27,74.73,77.99,78.59,71.27,72.88,89.5,97.04,115.55,109.02,89.73,78.61,72.27,77.24,83.54,82.8,76.45,76.21,92.3,109,107.19,105.88,97.63,80.94,74.85,78.97,86.21,86.41,79.39,78.92,94.37,102.51,120.39,102.68,90.55,80.15,75.51,81.28,88.83,87.84,80.8,78.63,90.58,108.47,126.85,115.95,88.99,79.74,74.62,80.81,88.33,85.33,78.78,79.19,93.13,109.14,117.06,109.1,93.12,80.91,74.78,80.07,87.35,88.72,82.88,81.28,94.95,110.36
Coal,U.S. Coal Consumption,1,1,million short tons,CLTCPUS_TON,93,79,80,77,78,84,95,93,87,87,84,92,91,80,82,77,83,89,98,98,88,84,80,88,91,79,83,79,82,88,100,97,87,84,81,88,97,88,86,78,85,93,96,100,89,88,88,95,97,84,86,78,85,90,99,101,87,84,81,88,90,80,83,79,84,91,100,99,91,88,87,95,99,87,86,79,84,91,100,102,92,88,89,98,100,90,86,80,88,93,101,99,93,89,90,100,99,88,91,81,86,97,103,105,96,91,89,100,95,88,90,79,87,94,104,105,91,91,90,97,99,91,89,83,88,97,103,106,95,91,89,98,101,93,90,83,88,96,105,102,92,87,87,95,96,80,78,72,75,84,89,92,79,80,79,94,96,86,82,73,82,93,101,100,85,77,79,95,96,80,79,72,79,90,100,98,82,75,73,79,76,68,63,57,68,77,92,88,74,72,75,79,81,72,76,66,70,80,88,87,78,72,71,83,89,82,78,63,69,79,87,86,74,66,70,73,77,72,64,53,62,74,81,79,69,58,54,55,67,55,45,43,49,68,79,78,67,59,53,70,68,52,53,49,55,63,74,70,59,54,55,63,69,50,49,45,52,60,68,68,58,53,56,60,60,49,48,37,44,48,60,56,51,42,46,45,41,36,33,27,30,40,53,54,42,37,38,47,49,52,38,34,39,52,60,60,48,39,37,38,53,44,38,35,39,45,53,52,41,35,36,45,39,30,32,26,29,37,48,47,37,33,33,35,46,29,26,24,29,37,44,43,35,31,30,39,49,38,31,29,31,39,48,43,35,32,31,37,41,34,29,25,28,36,44,47,38,32,34,39
Electricity,U.S. Electricity Consumption,1,1,billion kilowatthours per day,ESTXPUS,9.31,9.38,8.26,8.24,8.05,9.14,10.01,9.95,9.73,8.92,8.64,8.94,9.19,9.32,8.6,8.4,8.62,9.9,10.59,10.77,10.37,9.02,8.74,9.07,9.63,9.43,8.84,8.69,8.68,9.96,10.98,10.94,10.3,9,8.87,9.17,9.72,9.84,8.91,8.76,9.15,10.46,10.73,11.19,10.59,9.26,9.27,9.9,10.49,10.17,9.12,8.9,8.94,10.1,10.65,11.2,10.32,9.08,8.87,9.11,9.85,9.88,9.07,9.04,9.13,10.35,11.37,11.38,10.81,9.6,9.21,9.69,10.3,10.55,9.3,9,9.12,10.15,11.26,11.51,10.68,9.4,9.21,9.94,10.41,10.34,9.42,9.21,9.45,10.73,11.25,11.14,10.75,9.52,9.45,10.15,10.39,10.4,9.66,9.2,9.22,11.08,11.93,12.16,11.44,9.95,9.53,10.31,10.24,10.44,9.74,9.32,9.66,11.13,12.12,12.32,10.98,9.8,9.63,10.08,10.53,11.1,9.73,9.51,9.78,11.11,11.73,12.42,11.6,10.27,9.88,10.27,10.91,10.89,9.86,9.62,9.65,11.33,12.03,11.74,11.07,9.76,9.61,10.29,10.71,10.57,9.49,9.17,9.19,10.53,11.27,11.51,10.72,9.61,9.29,10.37,11.06,11.02,9.79,9.24,9.49,11.4,12.28,12.39,11.3,9.63,9.51,10.67,11.14,10.96,9.76,9.52,9.63,11.33,12.35,12.42,11.25,9.63,9.54,10.12,10.41,10.28,9.51,9.38,9.94,11.22,12.37,12.17,10.98,9.74,9.65,9.97,10.74,10.81,9.98,9.63,9.71,11.07,11.99,11.81,11.17,9.87,9.77,10.62,11.4,11.42,10.12,9.56,9.76,11.14,11.74,11.75,11.28,9.93,9.89,10.38,11.03,11.34,10.21,9.54,9.65,11.28,12.13,12.09,11.5,9.92,9.59,9.99,10.74,10.62,9.59,9.35,9.55,11.39,12.41,12.71,11.61,9.94,9.62,10.4,10.65,10.24,9.78,9.47,9.78,11.35,12.27,12.03,11.1,10.03,9.83,10.47,11.51,10.85,9.95,9.65,10.16,11.67,12.52,12.72,11.64,10.35,10.08,10.47,11,10.96,10.12,9.49,9.94,11.11,12.54,12.43,11.75,10.32,9.92,10.4,10.59,10.57,9.74,9.11,9.21,11.04,12.63,12.29,11.12,9.93,9.61,10.56,10.77,11.06,9.88,9.44,9.71,11.67,12.47,12.7,11.59,10.12,9.96,10.31,11.32,11.31,10.19,9.86,10.36,11.96,12.96,12.97,11.73,9.95,10.13,10.95,10.87,10.84,10.25,9.7,9.99,11.34,12.89,13.06,11.94,10.3,10.19,10.47,11.49,10.81,9.91,9.86,10.44,12.17,13.18,13.07,11.79,10.5,10.14,10.92,12.04,11.8,10.26,10.15,10.4,12.26,13.51,13.05,11.99,10.71,10.45,11.15,11.75,11.69,10.57,10.36,10.72,12.5,13.79,14,12.68,11.13,10.81,11.51
Renewables,U.S. Renewables Consumption,1,1,quadrillion btu,RETCBUS,--,--,--,--,--,--,--,--,--,--,--,--,--,--,--,--,--,--,--,--,--,--,--,--,--,--,--,--,--,--,--,--,--,--,--,--,--,--,--,--,--,--,--,--,--,--,--,--,--,--,--,--,--,--,--,--,--,--,--,--,--,--,--,--,--,--,--,--,--,--,--,--,--,--,--,--,--,--,--,--,--,--,--,--,--,--,--,--,--,--,--,--,--,--,--,--,--,--,--,--,--,--,--,--,--,--,--,--,--,--,--,--,--,--,--,--,--,--,--,--,--,--,--,--,--,--,--,--,--,--,--,--,--,--,--,--,--,--,--,--,--,--,--,--,--,--,--,--,--,--,--,--,--,--,--,--,0.63,0.58,0.63,0.61,0.67,0.72,0.67,0.63,0.59,0.61,0.63,0.68,0.68,0.64,0.75,0.73,0.76,0.76,0.75,0.7,0.64,0.64,0.66,0.7,0.67,0.61,0.7,0.68,0.73,0.7,0.69,0.67,0.59,0.61,0.61,0.67,0.54,0.49,0.54,0.55,0.58,0.57,0.57,0.55,0.52,0.55,0.55,0.57,0.57,0.5,0.58,0.58,0.59,0.59,0.59,0.56,0.53,0.56,0.57,0.59,0.57,0.53,0.58,0.57,0.58,0.57,0.59,0.58,0.55,0.56,0.57,0.6,0.58,0.57,0.62,0.58,0.61,0.59,0.61,0.59,0.56,0.58,0.58,0.64,0.61,0.56,0.65,0.63,0.66,0.64,0.62,0.61,0.58,0.61,0.6,0.62,0.63,0.58,0.65,0.64,0.67,0.65,0.63,0.64,0.58,0.61,0.6,0.63,0.62,0.58,0.65,0.65,0.68,0.65,0.65,0.63,0.6,0.63,0.61,0.63,0.63,0.61,0.61,0.55,0.62,0.64,0.62,0.61,0.57,0.59,0.61,0.62,0.61,0.55,0.67,0.64,0.68,0.64,0.64,0.64,0.61,0.64,0.64,0.68,0.68,0.64,0.73,0.71,0.74,0.72,0.7,0.67,0.63,0.66,0.68,0.67,0.68,0.65,0.72,0.7,0.74,0.69,0.7,0.71,0.66,0.69,0.67,0.7,0.67,0.69,0.76,0.74,0.77,0.75,0.74,0.74,0.69,0.73,0.71,0.71,0.71,0.67,0.78,0.76,0.76,0.75,0.77,0.74,0.7,0.74,0.72,0.73,0.75,0.7,0.82,0.82,0.83,0.83,0.84,0.8,0.74,0.79,0.75,0.77
Total Energy Consumption,U.S. Total Energy Consumption,1,1,quadrillion btu,TETCFUEL,--,--,--,--,--,--,--,--,--,--,--,--,--,--,--,--,--,--,--,--,--,--,--,--,--,--,--,--,--,--,--,--,--,--,--,--,--,--,--,--,--,--,--,--,--,--,--,--,--,--,--,--,--,--,--,--,--,--,--,--,--,--,--,--,--,--,--,--,--,--,--,--,--,--,--,--,--,--,--,--,--,--,--,--,--,--,--,--,--,--,--,--,--,--,--,--,--,--,--,--,--,--,--,--,--,--,--,--,--,--,--,--,--,--,--,--,--,--,--,--,--,--,--,--,--,--,--,--,--,--,--,--,--,--,--,--,--,--,--,--,--,--,--,--,--,--,--,--,--,--,--,--,--,--,--,--,9.13,8.21,8.2,7.37,7.67,8,8.38,8.44,7.69,7.5,7.79,9.23,9.29,8.1,8.34,7.49,7.57,7.89,8.38,8.4,7.55,7.57,7.78,8.57,8.68,7.96,7.67,7.21,7.61,7.73,8.29,8.23,7.37,7.57,7.77,8.39,8.72,7.78,8.13,7.24,7.31,7.45,8.01,7.95,7.44,7.5,7.9,8.83,9.33,8.22,8.24,7.26,7.36,7.49,7.97,7.99,7.44,7.54,7.94,8.55,9.04,8.37,8.17,7.2,7.39,7.66,8.19,8.09,7.48,7.39,7.42,8.09,8.78,7.94,7.66,7.14,7.28,7.66,8.19,8.3,7.51,7.39,7.46,8.78,8.67,7.32,8.06,7.09,7.42,7.61,8.12,8.03,7.35,7.52,7.82,8.9,9.34,7.75,8.36,7.52,7.61,7.78,8.31,8.39,7.59,7.8,8.22,8.72,9.24,8.1,8.37,7.3,7.57,7.57,8.23,8.26,7.57,7.63,8.1,8.65,8.65,8.02,7.54,6.16,6.43,6.88,7.71,7.69,7.01,7.16,7.24,8.38,8.58,7.83,7.7,7.12,7.31,7.67,8.07,8.16,7.38,7.42,7.77,8.35,9.05,8.01,8.06,7.25,7.44,7.65,8.12,8.12,7.4,7.39,7.81,8.65,8.48,7.6,8.14,7.17,7.34,7.51,8.08,8.22,7.43,7.55,7.84,8.35,9.04,7.73,7.75,7.18,7.51,7.64,8.22,8.21,7.41,7.58,7.62,8.68,9.53,8.09,7.83,7.3,7.41,7.74,8.29,8.13,7.43,7.55,7.78,8.67,8.99,7.84,7.99,7.33,7.48,7.7,8.29,8.38,7.63,7.69,7.91,8.78
Energy Prices,Energy Prices,0,0,,,,,,,,,,,,,,,,,,,,,,,,,,,,,,,,,,,,,,,,,,,,,,,,,,,,,,,,,,,,,,,,,,,,,,,,,,,,,,,,,,,,,,,,,,,,,,,,,,,,,,,,,,,,,,,,,,,,,,,,,,,,,,,,,,,,,,,,,,,,,,,,,,,,,,,,,,,,,,,,,,,,,,,,,,,,,,,,,,,,,,,,,,,,,,,,,,,,,,,,,,,,,,,,,,,,,,,,,,,,,,,,,,,,,,,,,,,,,,,,,,,,,,,,,,,,,,,,,,,,,,,,,,,,,,,,,,,,,,,,,,,,,,,,,,,,,,,,,,,,,,,,,,,,,,,,,,,,,,,,,,,,,,,,,,,,,,,,,,,,,,,,,,,,,,,,,,,,,,,,,,
Crude Oil West Texas Intermediate Spot,West Texas Intermediate Crude Oil Spot Price,1,1,dollars per barrel,WTIPUUS,25.13,22.18,20.96,19.7,20.82,19.26,19.66,19.95,19.8,21.32,20.19,18.33,16.72,16.06,15.12,15.35,14.91,13.72,14.17,13.47,15.03,14.46,13,11.35,12.52,12.01,14.68,17.31,17.72,17.92,20.1,21.28,23.8,22.69,25,26.1,27.26,29.37,29.84,25.72,28.79,31.82,29.7,31.26,33.88,33.11,34.42,28.44,29.59,29.61,27.25,27.49,28.63,27.6,26.43,27.37,26.2,22.17,19.64,19.39,19.71,20.72,24.53,26.18,27.04,25.52,26.97,28.39,29.66,28.84,26.35,29.46,32.95,35.83,33.51,28.17,28.11,30.66,30.75,31.57,28.31,30.34,31.11,32.13,34.31,34.69,36.74,36.75,40.27,38.02,40.78,44.9,45.94,53.28,48.47,43.15,46.84,48.15,54.19,52.98,49.83,56.35,59,64.98,65.59,62.26,58.32,59.41,65.48,61.63,62.69,69.44,70.84,70.95,74.41,73.04,63.8,58.89,59.08,61.96,54.51,59.28,60.44,63.98,63.45,67.49,74.12,72.36,79.92,85.8,94.77,91.69,92.97,95.39,105.45,112.58,125.4,133.88,133.37,116.67,104.11,76.61,57.31,41.12,41.71,39.09,47.94,49.65,59.03,69.64,64.15,71.05,69.41,75.72,77.99,74.47,78.33,76.39,81.2,84.29,73.74,75.34,76.32,76.6,75.24,81.89,84.25,89.15,89.17,88.58,102.86,109.53,100.9,96.26,97.3,86.33,85.52,86.32,97.16,98.56,100.27,102.2,106.16,103.32,94.66,82.3,87.89,94.13,94.51,89.49,86.53,87.86,94.76,95.31,92.94,92.02,94.51,95.77,104.67,106.57,106.29,100.54,93.86,97.63,94.62,100.82,100.8,102.07,102.18,105.79,103.59,96.53,93.21,84.4,75.79,59.29,47.22,50.58,47.82,54.45,59.27,59.82,50.9,42.87,45.48,46.22,42.44,37.19,31.68,30.32,37.55,40.75,46.71,48.76,44.65,44.72,45.18,49.77,45.66,51.97,52.5,53.47,49.33,51.06,48.48,45.18,46.63,48.04,49.82,51.58,56.64,57.88,63.7,62.23,62.73,66.25,69.98,67.87,70.98,68.06,70.23,70.75,56.96,49.52,51.38,54.95,58.15,63.86,60.83,54.66,57.35,54.8,56.95,53.96,57.03,59.88,57.52,50.54,29.21,16.55,28.56,38.31,40.71,42.34,39.63,39.4,40.94,47.02,52,59.04,62.33,61.72,65.17,71.38,72.49,67.73,71.65,81.48,79.15,71.71,83.22,91.64,108.5,101.78,109.55,114.84,101.62,93.67,84.26,87.55,84.37,76.44,78.12,76.83,73.28,79.45,71.58,70.25,76.07,81.39,89.43,85.64,77.69,71.9,74.15,77.25,81.28,85.35,80.02,79.77,81.8,76.68,70.24,71.99,69.95,70.12,75.74,71.53,68.24,63.54,62.17,68.17,68.39,64.86,64,61,58,55,49,48,47,47,49,49,49,49,48,49,49,49
Natural Gas Henry Hub Spot,Natural Gas Henry Hub Spot Price,1,1,dollars per million btu,NGHHUUS,3.45,2.15,1.89,2.03,2.25,2.2,2.19,2.49,2.88,3.07,3.01,2.35,2.09,2.23,2.24,2.43,2.14,2.17,2.17,1.85,2.02,1.91,2.12,1.72,1.85,1.77,1.79,2.15,2.26,2.3,2.31,2.79,2.55,2.73,2.37,2.35,2.42,2.66,2.79,3.04,3.59,4.29,3.99,4.43,5.06,5.02,5.52,8.9,8.17,5.61,5.23,5.19,4.19,3.72,3.11,2.97,2.19,2.46,2.34,2.3,2.32,2.32,3.03,3.43,3.5,3.26,2.99,3.09,3.55,4.13,4.04,4.74,5.43,7.71,5.93,5.26,5.81,5.82,5.03,4.99,4.62,4.63,4.47,6.13,6.14,5.37,5.39,5.71,6.33,6.27,5.93,5.41,5.14,6.35,6.17,6.58,6.15,6.14,6.96,7.16,6.47,7.18,7.63,9.53,11.74,13.42,10.3,13.05,8.69,7.54,6.89,7.16,6.25,6.21,6.17,7.13,4.9,5.85,7.41,6.73,6.55,8,7.11,7.6,7.64,7.35,6.22,6.22,6.08,6.74,7.1,7.11,7.99,8.54,9.41,10.18,11.27,12.69,11.09,8.26,7.67,6.74,6.68,5.82,5.24,4.51,3.96,3.5,3.83,3.8,3.38,3.14,2.99,4.01,3.66,5.35,5.83,5.32,4.29,4.03,4.14,4.8,4.63,4.32,3.89,3.43,3.71,4.25,4.49,4.09,3.97,4.24,4.31,4.54,4.42,4.05,3.9,3.57,3.24,3.17,2.67,2.5,2.17,1.95,2.43,2.46,2.95,2.84,2.85,3.32,3.54,3.34,3.33,3.33,3.81,4.17,4.04,3.83,3.62,3.42,3.62,3.68,3.64,4.24,4.71,6,4.9,4.66,4.58,4.59,4.05,3.91,3.92,3.78,4.12,3.48,2.99,2.87,2.83,2.61,2.85,2.78,2.84,2.77,2.66,2.34,2.09,1.93,2.28,1.99,1.73,1.92,1.92,2.59,2.82,2.82,2.99,2.98,2.55,3.59,3.3,2.85,2.88,3.1,3.15,2.98,2.98,2.9,2.98,2.88,3.01,2.82,3.87,2.67,2.69,2.8,2.8,2.97,2.83,2.96,3,3.28,4.09,4.04,3.11,2.69,2.95,2.65,2.64,2.4,2.37,2.22,2.56,2.33,2.65,2.22,2.02,1.91,1.79,1.74,1.75,1.63,1.76,2.3,1.92,2.39,2.61,2.58,2.71,5.35,2.62,2.66,2.91,3.26,3.84,4.07,5.16,5.51,5.05,3.76,4.38,4.69,4.9,6.6,8.14,7.7,7.28,8.81,7.88,5.66,5.45,5.53,3.27,2.38,2.31,2.16,2.15,2.18,2.55,2.58,2.64,2.98,2.71,2.52,3.18,1.72,1.49,1.6,2.12,2.54,2.07,1.99,2.28,2.2,2.12,3.01,4.13,4.19,4.12,3.42,3.12,3.02,3.2,2.91,2.97,2.99,3.2,3.8,4.1,3.93,3.54,3.24,3.3,3.39,3.7,3.99,4.05,4.28,4.68,5.09
Coal,Electric Power Sector Coal Cost,1,1,dollars per million btu,CLEUDUS,1.28,1.29,1.3,1.3,1.28,1.28,1.26,1.25,1.26,1.26,1.26,1.25,1.26,1.26,1.27,1.27,1.26,1.26,1.25,1.26,1.25,1.24,1.24,1.21,1.22,1.25,1.24,1.24,1.22,1.22,1.21,1.21,1.2,1.21,1.19,1.18,1.2,1.21,1.21,1.22,1.2,1.21,1.19,1.19,1.18,1.22,1.19,1.19,1.22,1.24,1.23,1.24,1.24,1.25,1.23,1.23,1.23,1.21,1.24,1.22,1.26,1.28,1.25,1.25,1.26,1.26,1.25,1.26,1.26,1.25,1.25,1.22,1.26,1.29,1.31,1.29,1.29,1.28,1.28,1.28,1.28,1.28,1.27,1.27,1.29,1.32,1.33,1.34,1.35,1.35,1.37,1.4,1.37,1.41,1.41,1.41,1.46,1.48,1.52,1.54,1.55,1.54,1.52,1.56,1.6,1.58,1.57,1.59,1.67,1.68,1.71,1.71,1.7,1.69,1.68,1.7,1.71,1.7,1.69,1.69,1.74,1.75,1.76,1.77,1.77,1.77,1.76,1.77,1.77,1.77,1.78,1.82,1.88,1.89,1.93,1.97,2.04,2.08,2.1,2.18,2.19,2.21,2.17,2.16,2.23,2.27,2.29,2.22,2.23,2.22,2.19,2.21,2.18,2.17,2.13,2.14,2.23,2.27,2.31,2.29,2.26,2.25,2.27,2.3,2.28,2.27,2.26,2.23,2.32,2.35,2.34,2.38,2.43,2.4,2.44,2.47,2.44,2.39,2.37,2.34,2.37,2.38,2.39,2.42,2.42,2.36,2.4,2.4,2.38,2.36,2.36,2.36,2.34,2.34,2.35,2.37,2.37,2.36,2.31,2.33,2.35,2.34,2.33,2.34,2.29,2.32,2.36,2.39,2.4,2.38,2.38,2.37,2.37,2.31,2.3,2.51,2.29,2.26,2.26,2.23,2.26,2.25,2.21,2.23,2.22,2.15,2.15,2.16,2.12,2.11,2.17,2.16,2.16,2.1,2.11,2.11,2.12,2.07,2.08,2.08,2.09,2.06,2.07,2.08,2.09,2.07,2.06,2.05,2.02,2.03,2.04,2.04,2.06,2.07,2.04,2.07,2.04,2.04,2.05,2.06,2.05,2.04,2.06,2.11,2.1,2.07,2.08,2.07,2.05,2.03,2.02,2,1.96,1.96,1.96,1.91,1.94,1.9,1.93,1.92,1.89,1.9,1.91,1.94,1.94,1.91,1.91,1.92,1.9,1.93,1.89,1.9,1.89,1.95,2.01,2.06,2.01,2.03,2.04,2.07,2.2,2.17,2.15,2.18,2.23,2.32,2.47,2.51,2.51,2.46,2.48,2.65,2.59,2.59,2.5,2.47,2.51,2.46,2.47,2.49,2.53,2.53,2.51,2.47,2.49,2.49,2.51,2.55,2.57,2.52,2.48,2.45,2.42,2.48,2.43,2.41,2.41,2.42,2.45,2.47,2.5,2.46,2.4,2.4,2.39,2.37,2.37,2.39,2.41,2.4,2.41,2.41,2.42,2.41,2.42,2.43,2.42,2.4,2.4,2.42
Macroeconomic,Macroeconomic,0,0,,,,,,,,,,,,,,,,,,,,,,,,,,,,,,,,,,,,,,,,,,,,,,,,,,,,,,,,,,,,,,,,,,,,,,,,,,,,,,,,,,,,,,,,,,,,,,,,,,,,,,,,,,,,,,,,,,,,,,,,,,,,,,,,,,,,,,,,,,,,,,,,,,,,,,,,,,,,,,,,,,,,,,,,,,,,,,,,,,,,,,,,,,,,,,,,,,,,,,,,,,,,,,,,,,,,,,,,,,,,,,,,,,,,,,,,,,,,,,,,,,,,,,,,,,,,,,,,,,,,,,,,,,,,,,,,,,,,,,,,,,,,,,,,,,,,,,,,,,,,,,,,,,,,,,,,,,,,,,,,,,,,,,,,,,,,,,,,,,,,,,,,,,,,,,,,,,,,,,,,,,
Real Gross Domestic Product,Real Gross Domestic Product,1,1,billion chained 2012 dollars - saar,GDPQXUS,12115,12115,12115,12317,12317,12317,12471,12471,12471,12577,12577,12577,12704,12704,12704,12821,12821,12821,12983,12983,12983,13192,13192,13192,13316,13316,13316,13427,13427,13427,13605,13605,13605,13828,13828,13828,13878,13878,13878,14131,14131,14131,14145,14145,14145,14230,14230,14230,14183,14183,14183,14272,14272,14272,14215,14215,14215,14254,14254,14254,14373,14373,14373,14461,14461,14461,14520,14520,14520,14538,14538,14538,14614,14614,14614,14744,14744,14744,14989,14989,14989,15163,15163,15163,15249,15249,15249,15367,15367,15367,15513,15513,15513,15671,15671,15671,15845,15845,15845,15923,15923,15923,16048,16048,16048,16137,16137,16137,16354,16354,16354,16396,16396,16396,16421,16421,16421,16562,16562,16562,16612,16612,16612,16713,16713,16713,16810,16810,16810,16915,16915,16915,16843,16843,16843,16943,16943,16943,16854,16854,16854,16485,16485,16485,16298,16298,16298,16269,16269,16269,16326,16326,16326,16503,16503,16503,16583,16583,16583,16743,16743,16743,16872,16872,16872,16961,16961,16961,16921,16921,16921,17035,17035,17035,17031,17031,17031,17223,17223,17223,17367,17367,17367,17445,17445,17445,17470,17470,17470,17490,17490,17490,17662,17662,17662,17710,17710,17710,17860,17860,17860,18016,18016,18016,17954,17954,17954,18186,18186,18186,18407,18407,18407,18500,18500,18500,18667,18667,18667,18782,18782,18782,18857,18857,18857,18892,18892,18892,19002,19002,19002,19063,19063,19063,19198,19198,19198,19304,19304,19304,19398,19398,19398,19507,19507,19507,19661,19661,19661,19882,19882,19882,20044,20044,20044,20150,20150,20150,20276,20276,20276,20305,20305,20305,20432,20432,20432,20602,20602,20602,20843,20843,20843,20985,20985,20985,20693,20693,20693,19057,19057,19057,20549,20549,20549,20772,20772,20772,21058,21058,21058,21389,21389,21389,21571,21571,21571,21960,21960,21960,21904,21904,21904,21919,21919,21919,22067,22067,22067,22249,22249,22249,22403,22403,22403,22539,22539,22539,22781,22781,22781,22961,22961,22961,23054,23054,23054,23224,23224,23224,23400,23400,23400,23542,23542,23542,23513,23513,23513,23704,23704,23704,23771,23807,23844,23877,23919,23966,24019,24073,24130,24197,24254,24308,24360,24408,24453,24492,24532,24570
Percent change from prior year,Real Gross Domestic Product,1,1,percent change from prior year,GDPQXUS_PCT,4.3,4.3,4.3,4.3,4.3,4.3,4.7,4.7,4.7,4.5,4.5,4.5,4.9,4.9,4.9,4.1,4.1,4.1,4.1,4.1,4.1,4.9,4.9,4.9,4.8,4.8,4.8,4.7,4.7,4.7,4.8,4.8,4.8,4.8,4.8,4.8,4.2,4.2,4.2,5.2,5.2,5.2,4,4,4,2.9,2.9,2.9,2.2,2.2,2.2,1,1,1,0.5,0.5,0.5,0.2,0.2,0.2,1.3,1.3,1.3,1.3,1.3,1.3,2.1,2.1,2.1,2,2,2,1.7,1.7,1.7,2,2,2,3.2,3.2,3.2,4.3,4.3,4.3,4.3,4.3,4.3,4.2,4.2,4.2,3.5,3.5,3.5,3.4,3.4,3.4,3.9,3.9,3.9,3.6,3.6,3.6,3.4,3.4,3.4,3,3,3,3.2,3.2,3.2,3,3,3,2.3,2.3,2.3,2.6,2.6,2.6,1.6,1.6,1.6,1.9,1.9,1.9,2.4,2.4,2.4,2.1,2.1,2.1,1.4,1.4,1.4,1.4,1.4,1.4,0.3,0.3,0.3,-2.5,-2.5,-2.5,-3.2,-3.2,-3.2,-4,-4,-4,-3.1,-3.1,-3.1,0.1,0.1,0.1,1.7,1.7,1.7,2.9,2.9,2.9,3.3,3.3,3.3,2.8,2.8,2.8,2,2,2,1.7,1.7,1.7,0.9,0.9,0.9,1.5,1.5,1.5,2.6,2.6,2.6,2.4,2.4,2.4,2.6,2.6,2.6,1.6,1.6,1.6,1.7,1.7,1.7,1.5,1.5,1.5,2.2,2.2,2.2,3,3,3,1.7,1.7,1.7,2.7,2.7,2.7,3.1,3.1,3.1,2.7,2.7,2.7,4,4,4,3.3,3.3,3.3,2.4,2.4,2.4,2.1,2.1,2.1,1.8,1.8,1.8,1.5,1.5,1.5,1.8,1.8,1.8,2.2,2.2,2.2,2.1,2.1,2.1,2.3,2.3,2.3,2.4,2.4,2.4,3,3,3,3.3,3.3,3.3,3.3,3.3,3.3,3.1,3.1,3.1,2.1,2.1,2.1,1.9,1.9,1.9,2.2,2.2,2.2,2.8,2.8,2.8,3.4,3.4,3.4,1.3,1.3,1.3,-7.5,-7.5,-7.5,-1.4,-1.4,-1.4,-1,-1,-1,1.8,1.8,1.8,12.2,12.2,12.2,5,5,5,5.7,5.7,5.7,4,4,4,2.5,2.5,2.5,2.3,2.3,2.3,1.3,1.3,1.3,2.3,2.3,2.3,2.8,2.8,2.8,3.2,3.2,3.2,3.2,3.2,3.2,2.9,2.9,2.9,3,3,3,2.7,2.7,2.7,2.5,2.5,2.5,2,2,2,2.1,2.1,2.1,1.6,1.7,1.9,1.4,1.6,1.8,2.2,2.4,2.6,2.1,2.3,2.5,2.5,2.5,2.6,2.6,2.6,2.5
GDP Implicit Price Deflator,GDP Implicit Price Deflator,1,1,"index, 2017=100",GDPDIUS,68.9,68.9,68.9,69.3,69.3,69.3,69.5,69.5,69.5,69.7,69.7,69.7,69.8,69.8,69.8,70,70,70,70.2,70.2,70.2,70.4,70.4,70.4,70.6,70.6,70.6,70.9,70.9,70.9,71.2,71.2,71.2,71.6,71.6,71.6,72.1,72.1,72.1,72.5,72.5,72.5,72.9,72.9,72.9,73.3,73.3,73.3,73.8,73.8,73.8,74.3,74.3,74.3,74.6,74.6,74.6,74.8,74.8,74.8,75,75,75,75.3,75.3,75.3,75.6,75.6,75.6,76.1,76.1,76.1,76.5,76.5,76.5,76.7,76.7,76.7,77.2,77.2,77.2,77.6,77.6,77.6,78.2,78.2,78.2,78.8,78.8,78.8,79.3,79.3,79.3,79.9,79.9,79.9,80.5,80.5,80.5,81.1,81.1,81.1,81.9,81.9,81.9,82.6,82.6,82.6,83.1,83.1,83.1,83.9,83.9,83.9,84.5,84.5,84.5,84.8,84.8,84.8,85.7,85.7,85.7,86.2,86.2,86.2,86.6,86.6,86.6,87,87,87,87.4,87.4,87.4,87.7,87.7,87.7,88.4,88.4,88.4,88.5,88.5,88.5,88.5,88.5,88.5,88.4,88.4,88.4,88.5,88.5,88.5,88.8,88.8,88.8,89,89,89,89.4,89.4,89.4,89.8,89.8,89.8,90.3,90.3,90.3,90.7,90.7,90.7,91.4,91.4,91.4,91.8,91.8,91.8,92,92,92,92.5,92.5,92.5,92.9,92.9,92.9,93.5,93.5,93.5,93.9,93.9,93.9,94.2,94.2,94.2,94.5,94.5,94.5,95,95,95,95.5,95.5,95.5,95.8,95.8,95.8,96.3,96.3,96.3,96.8,96.8,96.8,96.8,96.8,96.8,96.7,96.7,96.7,97.3,97.3,97.3,97.5,97.5,97.5,97.5,97.5,97.5,97.5,97.5,97.5,98.1,98.1,98.1,98.4,98.4,98.4,98.9,98.9,98.9,99.4,99.4,99.4,99.7,99.7,99.7,100.2,100.2,100.2,100.8,100.8,100.8,101.4,101.4,101.4,102.1,102.1,102.1,102.6,102.6,102.6,103,103,103,103.3,103.3,103.3,103.9,103.9,103.9,104.2,104.2,104.2,104.5,104.5,104.5,105,105,105,104.7,104.7,104.7,105.6,105.6,105.6,106.3,106.3,106.3,107.6,107.6,107.6,109.3,109.3,109.3,110.9,110.9,110.9,112.8,112.8,112.8,115.2,115.2,115.2,117.8,117.8,117.8,119.1,119.1,119.1,120.2,120.2,120.2,121.2,121.2,121.2,121.8,121.8,121.8,122.8,122.8,122.8,123.2,123.2,123.2,124.2,124.2,124.2,124.9,124.9,124.9,125.5,125.5,125.5,126.3,126.3,126.3,127.4,127.4,127.4,128.1,128.1,128.1,128.7,129.1,129.6,130.1,130.6,130.9,131.2,131.5,131.7,131.8,132,132.2,132.5,132.7,133,133.3,133.6,133.8
Percent change from prior year,GDP Implicit Price Deflator,1,1,percent change from prior year,GDPDIUS_PCT,1.8,1.8,1.8,1.9,1.9,1.9,1.7,1.7,1.7,1.6,1.6,1.6,1.3,1.3,1.3,1,1,1,1.1,1.1,1.1,1,1,1,1.2,1.2,1.2,1.4,1.4,1.4,1.4,1.4,1.4,1.6,1.6,1.6,2,2,2,2.2,2.2,2.2,2.4,2.4,2.4,2.5,2.5,2.5,2.5,2.5,2.5,2.5,2.5,2.5,2.2,2.2,2.2,2,2,2,1.6,1.6,1.6,1.3,1.3,1.3,1.4,1.4,1.4,1.7,1.7,1.7,2,2,2,1.9,1.9,1.9,2.1,2.1,2.1,2.1,2.1,2.1,2.2,2.2,2.2,2.7,2.7,2.7,2.8,2.8,2.8,3,3,3,3,3,3,2.9,2.9,2.9,3.3,3.3,3.3,3.3,3.3,3.3,3.2,3.2,3.2,3.4,3.4,3.4,3.2,3.2,3.2,2.7,2.7,2.7,3,3,3,2.8,2.8,2.8,2.5,2.5,2.5,2.6,2.6,2.6,2,2,2,1.7,1.7,1.7,2.1,2.1,2.1,1.8,1.8,1.8,1.3,1.3,1.3,0.8,0.8,0.8,0.1,0.1,0.1,0.3,0.3,0.3,0.5,0.5,0.5,1.1,1.1,1.1,1.4,1.4,1.4,1.7,1.7,1.7,1.9,1.9,1.9,2.2,2.2,2.2,2.3,2.3,2.3,1.9,1.9,1.9,2,2,2,1.7,1.7,1.7,1.8,1.8,1.8,2.1,2.1,2.1,1.8,1.8,1.8,1.7,1.7,1.7,1.6,1.6,1.6,1.7,1.7,1.7,1.7,1.7,1.7,2,2,2,1.9,1.9,1.9,1.4,1.4,1.4,0.9,0.9,0.9,1,1,1,0.8,0.8,0.8,0.8,0.8,0.8,0.8,0.8,0.8,0.8,0.8,0.8,0.9,0.9,0.9,1.4,1.4,1.4,2,2,2,1.6,1.6,1.6,1.8,1.8,1.8,1.9,1.9,1.9,2.1,2.1,2.1,2.5,2.5,2.5,2.4,2.4,2.4,2.2,2.2,2.2,1.9,1.9,1.9,1.7,1.7,1.7,1.6,1.6,1.6,1.5,1.5,1.5,1.6,1.6,1.6,0.8,0.8,0.8,1.3,1.3,1.3,1.7,1.7,1.7,2.5,2.5,2.5,4.4,4.4,4.4,5.1,5.1,5.1,6.2,6.2,6.2,7,7,7,7.8,7.8,7.8,7.3,7.3,7.3,6.5,6.5,6.5,5.3,5.3,5.3,3.4,3.4,3.4,3.1,3.1,3.1,2.6,2.6,2.6,2.4,2.4,2.4,2.6,2.6,2.6,2.2,2.2,2.2,2.5,2.5,2.5,2.6,2.6,2.6,2.5,2.5,2.5,2.5,2.8,3.2,3.1,3.4,3.7,3,3.2,3.3,2.9,3.1,3.2,2.9,2.8,2.7,2.5,2.3,2.2
Real Disposable Personal Income,Real Disposable Personal Income,1,1,billion chained 2017 dollars - saar,YD87OUS,8556,8579,8619,8625,8662,8690,8723,8769,8792,8835,8892,8944,9023,9081,9134,9164,9202,9254,9270,9299,9326,9338,9375,9392,9444,9476,9484,9453,9469,9501,9519,9559,9547,9599,9661,9736,9800,9838,9864,9914,9955,9982,10036,10098,10110,10139,10144,10164,10212,10223,10254,10233,10215,10218,10371,10543,10453,10268,10280,10299,10515,10532,10539,10574,10617,10648,10621,10623,10634,10662,10691,10720,10710,10674,10697,10753,10832,10861,10991,11067,10941,10982,11048,11057,11051,11071,11116,11153,11209,11216,11241,11275,11280,11283,11246,11659,11227,11229,11269,11304,11353,11376,11387,11405,11365,11429,11500,11535,11652,11703,11748,11744,11737,11752,11747,11737,11800,11854,11902,11959,11957,11996,12035,12053,12060,12053,12066,12071,12090,12080,12070,12121,12137,12142,12146,12101,12696,12377,12189,12121,12149,12241,12346,12289,12362,12242,12243,12320,12500,12273,12219,12195,12231,12193,12224,12280,12286,12292,12340,12447,12540,12544,12554,12591,12590,12593,12605,12681,12740,12777,12743,12721,12705,12757,12806,12800,12782,12792,12783,12899,12968,13030,13066,13117,13113,13097,13000,12962,13053,13142,13316,13643,12846,12814,12852,12893,12954,12956,12942,12970,13028,12975,12999,13019,13080,13148,13220,13270,13313,13360,13387,13446,13486,13551,13624,13719,13798,13848,13811,13842,13866,13874,13906,13936,13972,13997,13993,14060,14121,14135,14135,14106,14096,14105,14160,14177,14209,14235,14274,14314,14374,14417,14476,14509,14611,14619,14660,14678,14706,14749,14771,14798,14887,14921,14975,15007,15058,15119,15185,15239,15238,15274,15315,15507,15536,15560,15567,15534,15532,15562,15581,15664,15698,15718,15767,15684,15857,15917,15705,18030,17114,17048,17196,16525,16617,16553,16351,16391,18147,16634,20446,17335,16836,16758,16868,16832,16642,16648,16598,16525,16143,16143,16066,16064,16049,16016,16219,16314,16372,16424,16437,16498,16809,16879,16968,16983,17042,17050,17062,17086,17101,17153,17229,17267,17426,17442,17487,17465,17511,17516,17505,17495,17520,17586,17618,17639,17648,17703,17815,17931,17812,17812,17851,17841,17840,17790,17831,17910,18110,18206,18281,18311,18359,18403,18432,18474,18518,18568,18617,18666
Percent change from prior year,Real Disposable Personal Income,1,1,percent change from prior year,YD87OUS_PCT,3.4,2.9,3.1,3.8,2.9,2.6,3.3,3.6,3.6,4.2,4.6,4.8,5.5,5.9,6,6.3,6.2,6.5,6.3,6.1,6.1,5.7,5.4,5,4.7,4.3,3.8,3.2,2.9,2.7,2.7,2.8,2.4,2.8,3.1,3.7,3.8,3.8,4,4.9,5.1,5.1,5.4,5.6,5.9,5.6,5,4.4,4.2,3.9,4,3.2,2.6,2.4,3.3,4.4,3.4,1.3,1.3,1.3,3,3,2.8,3.3,3.9,4.2,2.4,0.8,1.7,3.8,4,4.1,1.9,1.4,1.5,1.7,2,2,3.5,4.2,2.9,3,3.3,3.1,3.2,3.7,3.9,3.7,3.5,3.3,2.3,1.9,3.1,2.7,1.8,5.4,1.6,1.4,1.4,1.4,1.3,1.4,1.3,1.2,0.8,1.3,2.3,-1.1,3.8,4.2,4.2,3.9,3.4,3.3,3.2,2.9,3.8,3.7,3.5,3.7,2.6,2.5,2.4,2.6,2.8,2.6,2.7,2.8,2.5,1.9,1.4,1.4,1.5,1.2,0.9,0.4,5.3,2.7,1,0.4,0.5,1.3,2.3,1.4,1.8,0.8,0.8,1.8,-1.5,-0.8,0.2,0.6,0.7,-0.4,-1,-0.1,-0.6,0.4,0.8,1,0.3,2.2,2.7,3.3,2.9,3.3,3.1,3.3,3.7,3.9,3.3,2.2,1.3,1.7,2,1.7,1.5,1.6,1.4,1.7,1.8,2,2.5,3.1,3.2,2.7,1.5,1.3,2.1,2.7,4.2,5.8,-0.9,-1.7,-1.6,-1.7,-1.2,-1.1,-0.4,0.1,-0.2,-1.3,-2.4,-4.6,1.8,2.6,2.9,2.9,2.8,3.1,3.4,3.7,3.5,4.4,4.8,5.4,5.5,5.3,4.5,4.3,4.2,3.8,3.9,3.6,3.6,3.3,2.7,2.5,2.3,2.1,2.3,1.9,1.7,1.7,1.8,1.7,1.7,1.7,2,1.8,1.8,2,2.4,2.9,3.7,3.6,3.5,3.5,3.5,3.6,3.5,3.4,3.6,3.5,3.4,3.4,3.1,3.4,3.6,3.8,3.6,3.6,3.7,4.8,4.4,4.3,4,3.5,3.2,2.9,2.6,2.8,3,2.9,2.9,1.1,2.1,2.3,0.9,16.1,10.2,9.5,10.4,5.5,5.9,5.3,3.7,4.5,14.4,4.5,30.2,-3.9,-1.6,-1.7,-1.9,1.9,0.2,0.6,1.5,0.8,-11,-3,-21.4,-7.3,-4.7,-4.4,-3.8,-3.1,-1.6,-1.3,-1,-0.2,4.1,4.6,5.6,5.7,6.2,6.5,5.2,4.7,4.5,4.4,4.8,4.7,3.7,3.3,3.1,2.8,2.8,2.7,2.6,2.4,2.4,2.5,2.3,2.1,1.3,1.5,1.9,2.7,1.7,1.7,2,2,1.8,1.2,1.2,1.5,2.6,2.8,2.6,2.1,3.1,3.3,3.3,3.5,3.8,4.4,4.4,4.2
Manufacturing Production Index,Manufacturing Production Index,1,1,"index, year 2017=100",ZOMNIUS,76,77.1,77.8,77.7,78.3,78.8,79.4,80.4,81.1,81.8,82.7,83.1,83.8,83.9,83.8,84.1,84.6,83.9,83.5,85.6,85.6,86.3,86.4,86.9,87.2,88,88,88.3,89,88.8,89.2,89.7,89.3,90.7,91.3,91.9,92,92.3,92.9,93.5,93.6,93.7,93.8,93.2,93.7,93.4,93.2,92.6,92.2,91.7,91.6,91.2,90.6,90,89.5,89.2,88.8,88.4,88.1,88.3,88.9,88.9,89.6,89.9,90.5,91.4,91.3,91.4,91.5,91.2,91.6,91,91.8,91.7,91.8,91.1,91.2,91.6,92,91.6,92.5,92.5,93.4,93.3,93.2,93.9,93.9,94.2,94.9,94.2,95,95.4,95.5,96.5,96.5,97.3,97.9,98.8,98.3,98.8,99,99.3,98.9,99.5,98.3,99.8,100.8,100.9,101.7,101.4,101.3,101.7,101.5,101.8,101.5,102.3,102.4,102,102.1,103.7,103.3,103.7,104.6,105.3,105.2,105.6,105.7,105.4,105.8,105.6,106.3,106.4,106.2,105.4,105,103.9,103.4,102.6,101.5,100.2,96.6,96.1,93.7,90.4,87.5,87.5,86,85.4,84.5,84.3,85.8,86.8,87.7,87.7,88.7,88.5,89.5,89.6,90.8,91.6,92.8,92.8,93.3,93.5,93.6,93.7,93.8,94.3,94.4,94.6,95.2,94.6,94.6,94.8,95.3,95.7,96,96.5,96.3,97,97.9,98.3,97.8,98.3,98,98.4,98.2,98.1,97.9,97.7,98.3,99.1,98.8,99.3,99.2,98.9,99.2,99.4,98.6,99.4,99.5,99.6,99.7,99.5,98.4,99.3,100.2,100.2,100.5,100.8,101.3,100.7,100.8,100.7,101.4,101.3,100.7,99.9,100.2,100.2,100.2,99.8,100.5,100.2,100,99.9,99.6,99.3,99.7,99.4,99.3,99.2,99.1,99.4,99.4,99.1,99.3,99.4,99.4,99.4,99.6,99.5,99.2,100.3,100.1,100.2,99.8,99.6,99.6,100.7,100.8,100.6,100.2,101.1,101.1,101.8,101,101.7,101.7,102,102,101.6,101.3,101.7,100.7,100.2,100,99.3,99.4,99.8,99.1,99.8,99,98.2,99.1,99.2,98.8,99.1,94.5,80,83.5,90.1,93.3,94.6,94.5,95.3,95.9,96.7,97.6,93.6,96.5,96.6,97.7,97.8,98.6,98.3,97.3,98.7,99.6,99.7,99.1,100,100.9,100.9,100.7,100.4,100.5,100.7,100.9,101,100.3,98.4,100.3,100.2,99.6,100.4,100.3,99.6,99.9,100,100.1,99.3,99.9,99.8,98.4,99.8,100.1,99.4,100,100,99.4,99.9,99.6,99,99.2,99.6,99.2,100.3,100.8,100.4,100.6,100.9,100.8,101,100.9,100.7,100.7,100.7,100.6,100.6,100.8,101.1,101.3,101.6,101.8,102,102.2,102.3,102.4,102.5
Percent change from prior year,Manufacturing Production Index,1,1,percent change from prior year,ZOMNIUS_PCT,7.9,7.8,9.2,7.7,7.6,7.2,7.5,8.4,8.5,9.6,9.8,9.5,10.3,8.9,7.6,8.3,8.1,6.5,5.2,6.5,5.5,5.5,4.5,4.6,4,4.8,5,4.9,5.2,5.8,6.9,4.7,4.4,5,5.6,5.8,5.5,4.9,5.6,5.9,5.1,5.5,5.1,3.9,4.9,3,2.1,0.7,0.3,-0.6,-1.4,-2.5,-3.2,-4,-4.6,-4.3,-5.2,-5.3,-5.4,-4.7,-3.6,-3,-2.1,-1.3,-0.2,1.5,2,2.4,3,3.1,4,3.1,3.2,3.1,2.4,1.3,0.8,0.3,0.8,0.3,1.1,1.5,1.9,2.5,1.6,2.5,2.3,3.4,4.1,2.8,3.3,4.2,3.3,4.3,3.4,4.3,5,5.2,4.7,4.8,4.3,5.4,4.1,4.2,2.9,3.4,4.4,3.7,3.8,2.6,3,2.9,2.5,2.5,2.6,2.9,4.2,2.1,1.3,2.8,1.6,2.3,3.2,3.5,3.7,3.8,4.1,3,3.3,3.6,4.1,2.7,2.8,1.7,0.4,-1.3,-1.8,-2.9,-4,-5,-8.7,-9.1,-11.9,-15,-17.6,-17,-18.1,-17.8,-18.2,-17.8,-15.5,-13.3,-9.2,-8.7,-5.3,-2.1,2.4,2.4,5.6,7.2,9.8,10,8.8,7.7,6.7,6.7,5.8,6.5,5.4,5.6,4.9,3.3,2,2.1,2.1,2.4,2.5,3.1,2.7,2.9,3.7,3.9,2.7,3.9,3.6,3.8,3,2.4,2,1.2,2.1,2.2,1,1,1.5,0.6,1.2,1.1,0.4,1.4,1.6,2,1.4,0.4,-0.4,0,1,1.3,1.3,1.4,2.8,1.3,1.3,1.1,1.8,1.8,2.3,0.6,0,0,-0.3,-1,-0.7,-0.5,-0.8,-0.9,-1.8,-1.9,-0.9,-0.5,-0.9,-1,-1.1,-0.4,-1.1,-1.2,-0.7,-0.4,-0.2,0.1,-0.1,0.1,-0.2,1.1,1,0.8,0.4,0.5,0.3,1.3,1.4,1.2,0.6,1.6,1.9,1.5,0.8,1.5,2,2.4,2.4,0.8,0.5,1.1,0.5,-0.9,-1.1,-2.4,-1.6,-1.9,-2.6,-2.2,-2.9,-3.3,-2.2,-2.5,-1.9,-1.1,-5.4,-19.5,-16,-9.8,-5.9,-5.2,-4.6,-2.9,-3.2,-2.5,-1.2,-5.5,2.1,20.8,17,8.6,5.7,3.9,2.9,3.5,3.8,3.2,1.5,6.9,4.5,4.5,3.1,2.6,1.9,2.5,3.7,2.3,0.7,-1.3,1.2,0.2,-1.3,-0.5,-0.4,-0.7,-0.6,-0.7,-0.8,-1.7,-0.4,1.4,-1.8,-0.4,0.4,-1,-0.2,0.3,-0.6,-0.1,-0.5,-0.3,-0.7,-0.2,0.7,0.4,0.8,1.1,0.6,0.9,1.5,1.1,1.3,1.8,1.5,1,1.4,0.4,-0.1,0.7,0.7,0.7,1,1,1.3,1.5,1.7,1.8
Weather,Weather,0,0,degree days,,,,,,,,,,,,,,,,,,,,,,,,,,,,,,,,,,,,,,,,,,,,,,,,,,,,,,,,,,,,,,,,,,,,,,,,,,,,,,,,,,,,,,,,,,,,,,,,,,,,,,,,,,,,,,,,,,,,,,,,,,,,,,,,,,,,,,,,,,,,,,,,,,,,,,,,,,,,,,,,,,,,,,,,,,,,,,,,,,,,,,,,,,,,,,,,,,,,,,,,,,,,,,,,,,,,,,,,,,,,,,,,,,,,,,,,,,,,,,,,,,,,,,,,,,,,,,,,,,,,,,,,,,,,,,,,,,,,,,,,,,,,,,,,,,,,,,,,,,,,,,,,,,,,,,,,,,,,,,,,,,,,,,,,,,,,,,,,,,,,,,,,,,,,,,,,,,,,,,,,,
U.S. Heating Degree Days,U.S. Heating Degree Days,1,1,degree days,ZWHDPUS,935,677,557,417,207,37,10,19,68,284,604,812,769,631,603,344,128,47,5,8,38,254,495,726,857,647,648,333,154,35,7,15,66,279,423,765,883,640,498,346,126,32,14,14,75,252,617,995,928,720,663,311,123,32,10,7,74,271,411,704,785,672,629,296,195,26,4,10,43,309,567,818,948,806,580,360,176,45,5,6,67,266,489,792,968,766,497,311,116,41,9,21,53,259,497,802,855,673,647,314,192,31,4,8,43,242,473,863,688,724,602,275,143,26,3,11,87,311,475,692,840,840,500,374,118,27,6,9,50,182,522,798,886,729,610,326,189,30,7,15,55,284,535,826,951,694,577,334,136,44,15,14,62,332,447,871,927,808,550,272,141,31,6,9,52,237,525,901,954,741,581,314,157,39,7,9,57,256,473,724,763,629,381,292,99,31,5,9,61,262,541,699,829,734,660,348,136,26,5,12,59,258,573,830,972,800,684,325,127,28,10,13,57,221,615,707,892,869,585,300,119,24,6,11,32,228,446,582,872,630,451,310,151,21,6,6,39,198,419,784,768,549,545,248,154,25,5,15,44,193,492,800,899,627,611,412,86,26,4,7,38,254,595,733,861,721,634,289,159,34,5,10,41,255,591,717,741,653,485,360,157,25,5,7,58,248,423,751,805,794,508,308,151,12,5,6,40,180,509,616,914,712,525,342,122,26,4,6,44,257,511,781,715,621,585,297,145,43,5,10,46,207,505,624,840,575,489,281,113,20,4,9,37,186,430,704,946,686,470,279,136,20,4,11,37,221,479,714,791,644,525,298,135,31,7,11,55,236,477,711
U.S. Cooling Degree Days,U.S. Cooling Degree Days,1,1,degree days,ZWCDPUS,8,12,31,20,82,183,308,263,165,46,11,6,12,7,11,24,135,223,345,332,207,60,22,12,12,12,14,42,95,213,364,300,150,55,19,7,9,11,28,29,135,218,283,300,154,50,10,5,4,14,13,40,118,218,301,330,138,46,22,12,10,7,18,52,90,236,362,322,195,56,12,6,5,9,25,31,108,182,331,335,152,64,23,5,7,8,29,29,135,202,295,248,171,68,19,6,11,9,14,25,83,244,365,345,209,56,21,6,14,6,21,55,109,233,382,330,134,47,15,13,12,6,31,25,118,232,307,362,187,81,18,14,8,13,20,32,93,262,332,282,171,49,13,10,8,9,20,30,118,222,287,304,169,49,18,8,4,3,9,36,128,283,375,352,195,55,15,3,6,9,25,54,107,259,405,350,175,50,18,11,12,13,49,49,155,233,402,328,174,55,14,11,15,11,11,34,99,244,338,288,177,56,18,13,7,12,15,37,113,242,301,292,182,74,11,10,9,7,29,53,126,254,336,315,223,76,30,26,7,11,35,42,97,270,383,362,219,86,25,16,17,21,32,55,105,241,362,291,184,77,27,10,7,23,21,32,173,269,376,351,230,69,18,11,9,18,18,42,129,226,373,335,242,75,16,13,15,12,42,42,105,246,398,356,181,82,32,7,10,12,28,36,100,274,347,357,200,84,18,26,8,11,27,49,147,270,394,359,202,55,23,11,17,20,32,44,109,210,390,350,204,73,20,11,10,13,32,47,157,293,390,342,211,97,32,13,5,17,31,58,127,278,392,310,191,80,22,12,11,13,27,45,134,272,401,370,209,73,22,12
